{"cameraMode":{"drawMode":0,"name":"Shaded","section":"Shading Mode"},"sceneLighting":true,"audioPlay":false,"sceneViewState":{"m_AlwaysRefresh":false,"showFog":true,"showSkybox":true,"showFlares":true,"showImageEffects":true,"showParticleSystems":true,"showVisualEffectGraphs":true,"m_FxEnabled":true},"in2DMode":false,"pivot":{"x":-0.0877571702003479,"y":1.7648589611053467,"z":-11.404077529907227},"rotation":{"x":0.25491511821746828,"y":0.062312766909599307,"z":-0.016463564708828927,"w":0.9648114442825317},"size":2.7160143852233888,"orthographic":false}